<?xml version="1.0"?>
<ArrayOfSnakeHighscore xmlns:xsi="http://www.w3.org/2001/XMLSchema-instance" xmlns:xsd="http://www.w3.org/2001/XMLSchema">
  <SnakeHighscore>
    <PlayerName>啊</PlayerName>
    <Score>3</Score>
  </SnakeHighscore>
  <SnakeHighscore>
    <PlayerName>测试</PlayerName>
    <Score>2</Score>
  </SnakeHighscore>
  <SnakeHighscore>
    <PlayerName>组装</PlayerName>
    <Score>1</Score>
  </SnakeHighscore>
  <SnakeHighscore>
    <PlayerName>2</PlayerName>
    <Score>1</Score>
  </SnakeHighscore>
</ArrayOfSnakeHighscore>